{"cameraMode":{"drawMode":0,"name":"Shaded","section":"Shading Mode"},"sceneLighting":true,"audioPlay":false,"sceneViewState":{"m_AlwaysRefresh":false,"showFog":true,"showSkybox":true,"showFlares":true,"showImageEffects":true,"showParticleSystems":true,"showVisualEffectGraphs":true,"m_FxEnabled":false},"in2DMode":false,"pivot":{"x":21.713760375976564,"y":-3.4359681606292726,"z":10.979727745056153},"rotation":{"x":-0.10212875157594681,"y":-0.7168945074081421,"z":0.10747214406728745,"w":-0.681225061416626},"size":0.04092653468251228,"orthographic":false}