{"cameraMode":{"drawMode":0,"name":"Shaded","section":"Shading Mode"},"sceneLighting":true,"audioPlay":false,"sceneViewState":{"m_AlwaysRefresh":false,"showFog":true,"showSkybox":true,"showFlares":true,"showImageEffects":true,"showParticleSystems":true,"showVisualEffectGraphs":true,"m_FxEnabled":false},"in2DMode":false,"pivot":{"x":9.351813316345215,"y":1.0555481910705567,"z":35.219749450683597},"rotation":{"x":-0.14666980504989625,"y":0.03767605870962143,"z":-0.005590677727013826,"w":-0.9884473085403442},"size":0.04733480140566826,"orthographic":false}